payment_id,order_id,payment_method,payment_status
1,1342,Bank Transfer,Success
2,1986,Bank Transfer,Success
3,14,Bank Transfer,Success
4,742,Bank Transfer,Success
5,1464,Bank Transfer,Success
6,1878,Card,Success
7,174,Bank Transfer,Success
8,442,PayPal,Success
9,1703,Bank Transfer,Success
10,273,PayPal,Success
11,805,PayPal,Success
12,372,PayPal,Success
13,1163,Bank Transfer,Success
14,675,Bank Transfer,Success
15,185,PayPal,Success
16,1871,Bank Transfer,Success
17,1169,Card,Success
18,1282,Card,Success
19,1497,Card,Success
20,1291,Card,Success
21,1248,Bank Transfer,Success
22,1367,PayPal,Success
23,1670,Bank Transfer,Success
24,945,Card,Success
25,1660,Bank Transfer,Success
26,952,Bank Transfer,Success
27,515,Card,Failed
28,1621,PayPal,Failed
29,553,Bank Transfer,Success
30,509,Bank Transfer,Success
31,1730,Card,Success
32,1219,PayPal,Success
33,325,Card,Success
34,632,Card,Success
35,845,Bank Transfer,Success
36,1120,PayPal,Failed
37,1325,Card,Success
38,1363,Bank Transfer,Success
39,233,Card,Success
40,1505,Bank Transfer,Success
41,696,PayPal,Success
42,1396,Card,Success
43,1889,PayPal,Success
44,1191,PayPal,Success
45,1983,Bank Transfer,Success
46,1763,Card,Success
47,346,Card,Success
48,1480,Bank Transfer,Failed
49,159,Bank Transfer,Success
50,1514,PayPal,Success
51,830,Card,Success
52,1715,Card,Failed
53,1730,Bank Transfer,Success
54,282,Bank Transfer,Success
55,417,Bank Transfer,Success
56,55,Card,Success
57,457,Card,Success
58,1522,PayPal,Success
59,153,Bank Transfer,Success
60,172,PayPal,Success
61,1626,Card,Success
62,193,PayPal,Success
63,1216,PayPal,Success
64,226,PayPal,Success
65,646,Bank Transfer,Success
66,449,Card,Success
67,1249,Bank Transfer,Failed
68,942,PayPal,Success
69,1507,Bank Transfer,Success
70,1233,Card,Success
71,236,Card,Success
72,1190,PayPal,Success
73,905,PayPal,Success
74,740,Bank Transfer,Success
75,391,Card,Success
76,1824,Card,Success
77,1678,Bank Transfer,Success
78,534,Card,Success
79,1142,PayPal,Success
80,726,PayPal,Success
81,1968,Bank Transfer,Success
82,638,Bank Transfer,Success
83,782,Bank Transfer,Success
84,882,PayPal,Success
85,1742,Bank Transfer,Success
86,729,Card,Success
87,594,Bank Transfer,Success
88,65,Card,Success
89,121,PayPal,Failed
90,352,Card,Success
91,1422,Card,Success
92,295,Card,Success
93,122,PayPal,Success
94,1672,Card,Success
95,1809,Card,Success
96,710,Bank Transfer,Success
97,206,Bank Transfer,Success
98,1968,Bank Transfer,Success
99,919,Card,Success
100,1336,Card,Success
101,1557,PayPal,Success
102,621,Card,Success
103,597,Card,Success
104,211,PayPal,Success
105,1114,Card,Success
106,834,PayPal,Success
107,1050,PayPal,Success
108,1708,Bank Transfer,Failed
109,724,Card,Success
110,276,Bank Transfer,Success
111,1917,Card,Success
112,183,Bank Transfer,Success
113,1312,PayPal,Success
114,164,PayPal,Success
115,1168,PayPal,Success
116,150,PayPal,Success
117,252,Card,Success
118,1772,Card,Success
119,867,Bank Transfer,Success
120,1431,Card,Success
121,914,Card,Success
122,873,Bank Transfer,Success
123,1671,PayPal,Success
124,771,Bank Transfer,Success
125,1585,Bank Transfer,Success
126,32,PayPal,Success
127,1341,Bank Transfer,Success
128,278,Bank Transfer,Success
129,38,Bank Transfer,Success
130,737,Card,Success
131,1897,PayPal,Success
132,847,PayPal,Success
133,686,Bank Transfer,Success
134,1691,Card,Success
135,1302,PayPal,Success
136,1709,PayPal,Success
137,829,Bank Transfer,Success
138,1081,Bank Transfer,Success
139,1021,Bank Transfer,Success
140,561,PayPal,Failed
141,1950,Bank Transfer,Success
142,1754,Bank Transfer,Success
143,96,Bank Transfer,Success
144,299,Card,Success
145,641,Bank Transfer,Success
146,348,PayPal,Success
147,1428,Bank Transfer,Success
148,1378,PayPal,Success
149,1790,Card,Success
150,1126,Card,Failed
151,1491,Bank Transfer,Success
152,1403,PayPal,Success
153,1058,Bank Transfer,Success
154,1467,Bank Transfer,Success
155,1686,PayPal,Success
156,775,PayPal,Success
157,20,PayPal,Success
158,1242,PayPal,Failed
159,427,PayPal,Success
160,1574,Card,Success
161,231,Card,Success
162,915,Card,Success
163,1724,PayPal,Success
164,755,PayPal,Success
165,1732,PayPal,Success
166,444,Bank Transfer,Success
167,446,Card,Success
168,1842,Card,Success
169,1102,Bank Transfer,Success
170,1832,Bank Transfer,Success
171,567,Card,Success
172,1675,PayPal,Success
173,678,Card,Success
174,911,PayPal,Success
175,622,Card,Success
176,1569,Card,Failed
177,1,Bank Transfer,Success
178,272,Bank Transfer,Success
179,1589,PayPal,Success
180,1459,PayPal,Success
181,844,Card,Success
182,131,Bank Transfer,Success
183,1920,PayPal,Success
184,800,PayPal,Success
185,1011,PayPal,Failed
186,763,Card,Success
187,1269,PayPal,Failed
188,1540,PayPal,Success
189,1271,Bank Transfer,Success
190,1830,Bank Transfer,Failed
191,1445,Bank Transfer,Success
192,855,Card,Success
193,1559,Bank Transfer,Success
194,520,Bank Transfer,Success
195,1041,Bank Transfer,Success
196,1278,Bank Transfer,Success
197,210,PayPal,Success
198,1538,Card,Success
199,798,PayPal,Success
200,1451,PayPal,Success
201,1211,Card,Success
202,1785,PayPal,Success
203,1727,Bank Transfer,Success
204,1292,Card,Success
205,1975,PayPal,Failed
206,1373,PayPal,Success
207,1668,Bank Transfer,Success
208,1427,PayPal,Failed
209,405,PayPal,Success
210,1788,PayPal,Success
211,317,Card,Success
212,197,Card,Success
213,1811,PayPal,Failed
214,697,PayPal,Success
215,1597,Bank Transfer,Success
216,776,Card,Success
217,1692,Card,Success
218,527,Card,Success
219,1051,PayPal,Success
220,922,Bank Transfer,Success
221,1922,Bank Transfer,Success
222,734,PayPal,Success
223,1528,PayPal,Success
224,247,Bank Transfer,Success
225,1443,Bank Transfer,Success
226,506,Card,Success
227,1351,PayPal,Success
228,563,Card,Success
229,584,Bank Transfer,Success
230,138,Card,Success
231,283,Bank Transfer,Success
232,390,Bank Transfer,Success
233,956,Card,Success
234,1252,PayPal,Success
235,1619,Card,Success
236,125,Card,Success
237,1361,PayPal,Success
238,1866,PayPal,Success
239,421,Card,Failed
240,1078,Bank Transfer,Success
241,877,Card,Success
242,1524,Bank Transfer,Success
243,1251,PayPal,Success
244,1650,PayPal,Success
245,1525,Bank Transfer,Failed
246,1063,Card,Success
247,1101,PayPal,Success
248,577,Bank Transfer,Success
249,820,Bank Transfer,Success
250,1985,Card,Success
251,802,Bank Transfer,Failed
252,1684,Bank Transfer,Success
253,1394,Card,Success
254,1442,PayPal,Success
255,1071,PayPal,Success
256,1400,PayPal,Success
257,651,Bank Transfer,Success
258,343,Bank Transfer,Success
259,751,Card,Success
260,861,Bank Transfer,Success
261,1992,Bank Transfer,Success
262,1370,PayPal,Success
263,263,Bank Transfer,Success
264,47,Bank Transfer,Success
265,586,Bank Transfer,Success
266,72,Card,Failed
267,1247,Bank Transfer,Success
268,27,Card,Success
269,1938,PayPal,Success
270,1641,Bank Transfer,Success
271,587,Card,Success
272,559,PayPal,Success
273,279,Bank Transfer,Success
274,688,Card,Success
275,1731,Card,Success
276,1498,PayPal,Success
277,1951,Bank Transfer,Success
278,1547,Bank Transfer,Success
279,606,Bank Transfer,Success
280,1646,Card,Success
281,192,Bank Transfer,Success
282,720,Card,Success
283,1578,Card,Failed
284,29,PayPal,Success
285,1835,Card,Success
286,1310,PayPal,Success
287,1197,PayPal,Success
288,826,Bank Transfer,Success
289,1162,PayPal,Failed
290,1091,Bank Transfer,Success
291,1134,PayPal,Success
292,1423,Card,Success
293,234,Bank Transfer,Success
294,1083,Card,Success
295,1387,Bank Transfer,Success
296,627,Card,Success
297,220,PayPal,Success
298,1391,Bank Transfer,Failed
299,292,Bank Transfer,Success
300,521,Bank Transfer,Failed
301,1624,PayPal,Success
302,741,Card,Success
303,1551,PayPal,Success
304,307,PayPal,Success
305,1094,PayPal,Success
306,860,Card,Success
307,458,PayPal,Success
308,1716,Bank Transfer,Success
309,1838,PayPal,Success
310,1967,Card,Success
311,1645,Bank Transfer,Failed
312,1012,Card,Success
313,341,PayPal,Success
314,1362,Card,Failed
315,1221,Bank Transfer,Success
316,1212,Card,Success
317,333,Bank Transfer,Success
318,556,Bank Transfer,Success
319,1573,PayPal,Success
320,512,PayPal,Success
321,1038,Bank Transfer,Success
322,843,Card,Success
323,1893,Bank Transfer,Success
324,1205,PayPal,Success
325,560,Card,Success
326,683,Bank Transfer,Success
327,1564,PayPal,Success
328,1781,Bank Transfer,Success
329,1164,Bank Transfer,Success
330,546,Bank Transfer,Success
331,750,Card,Success
332,414,PayPal,Success
333,1407,PayPal,Success
334,374,Bank Transfer,Success
335,1855,Bank Transfer,Success
336,1898,Bank Transfer,Success
337,1481,Card,Success
338,659,PayPal,Success
339,1935,Bank Transfer,Success
340,591,PayPal,Success
341,1327,Bank Transfer,Success
342,705,PayPal,Success
343,1368,Bank Transfer,Success
344,1309,Card,Success
345,503,Bank Transfer,Success
346,127,Bank Transfer,Failed
347,1696,Bank Transfer,Success
348,1764,Bank Transfer,Success
349,475,Bank Transfer,Success
350,1907,PayPal,Success
351,400,PayPal,Success
352,1031,Card,Failed
353,51,Bank Transfer,Success
354,564,PayPal,Success
355,695,PayPal,Success
356,731,Bank Transfer,Success
357,1851,Bank Transfer,Success
358,1881,Card,Success
359,1936,Card,Success
360,420,PayPal,Success
361,1192,Card,Success
362,227,PayPal,Success
363,471,Card,Success
364,1523,Bank Transfer,Success
365,1257,Card,Success
366,119,PayPal,Success
367,461,Card,Success
368,480,PayPal,Success
369,1820,PayPal,Success
370,1330,Card,Failed
371,1319,Card,Success
372,1674,PayPal,Success
373,963,Bank Transfer,Success
374,934,Card,Success
375,86,PayPal,Success
376,1640,Bank Transfer,Success
377,530,PayPal,Success
378,1531,Card,Success
379,1845,PayPal,Failed
380,893,PayPal,Success
381,448,PayPal,Success
382,660,Card,Success
383,901,Bank Transfer,Success
384,957,Bank Transfer,Failed
385,1783,Bank Transfer,Success
386,1348,Bank Transfer,Success
387,1970,Card,Success
388,369,PayPal,Success
389,304,Bank Transfer,Success
390,897,Bank Transfer,Success
391,1482,Card,Success
392,1555,PayPal,Success
393,1153,PayPal,Failed
394,585,Bank Transfer,Success
395,1821,Bank Transfer,Success
396,1891,PayPal,Success
397,917,Card,Success
398,1872,PayPal,Success
399,120,PayPal,Success
400,1622,Bank Transfer,Failed
401,492,Card,Success
402,1796,Card,Success
403,1471,Card,Success
404,21,Bank Transfer,Success
405,271,Card,Success
406,1492,Card,Success
407,93,Bank Transfer,Failed
408,1694,PayPal,Success
409,1516,Card,Success
410,910,PayPal,Success
411,64,Card,Success
412,754,PayPal,Success
413,1765,PayPal,Success
414,1016,Bank Transfer,Success
415,1510,Bank Transfer,Success
416,82,Card,Success
417,1380,Card,Success
418,601,Bank Transfer,Success
419,178,Card,Failed
420,851,Card,Success
421,1241,Bank Transfer,Success
422,170,PayPal,Success
423,837,Card,Success
424,613,Bank Transfer,Success
425,201,Card,Success
426,1263,Card,Success
427,296,Bank Transfer,Success
428,1770,Bank Transfer,Success
429,758,Card,Success
430,1642,Card,Success
431,784,PayPal,Failed
432,334,PayPal,Success
433,1652,Bank Transfer,Success
434,1655,Card,Success
435,1326,Bank Transfer,Success
436,894,Bank Transfer,Success
437,995,Card,Success
438,1003,PayPal,Success
439,1869,Bank Transfer,Failed
440,1693,Bank Transfer,Success
441,1338,Card,Success
442,640,PayPal,Success
443,74,PayPal,Success
444,700,Card,Success
445,1344,Bank Transfer,Success
446,1141,Card,Success
447,8,Card,Success
448,1946,PayPal,Success
449,522,Bank Transfer,Success
450,1323,Bank Transfer,Success
451,549,PayPal,Success
452,1448,Bank Transfer,Failed
453,1008,Bank Transfer,Success
454,441,Card,Success
455,930,Card,Success
456,1130,Card,Success
457,466,Bank Transfer,Success
458,1515,Bank Transfer,Success
459,1550,Bank Transfer,Success
460,1332,Bank Transfer,Failed
461,1739,PayPal,Success
462,342,PayPal,Success
463,106,Bank Transfer,Success
464,626,Card,Success
465,228,Card,Success
466,669,PayPal,Success
467,1328,PayPal,Failed
468,309,Bank Transfer,Success
469,544,Bank Transfer,Success
470,1088,Bank Transfer,Success
471,979,Bank Transfer,Success
472,370,Bank Transfer,Success
473,514,Card,Success
474,111,Card,Success
475,383,Bank Transfer,Success
476,1131,Card,Failed
477,987,Bank Transfer,Success
478,808,Bank Transfer,Success
479,395,PayPal,Success
480,1174,Card,Success
481,1429,Card,Success
482,1450,PayPal,Success
483,1718,Card,Success
484,455,PayPal,Failed
485,1573,Card,Success
486,1529,Bank Transfer,Success
487,1700,PayPal,Success
488,928,Bank Transfer,Success
489,1280,Bank Transfer,Success
490,1072,Card,Success
491,1587,PayPal,Success
492,979,Bank Transfer,Success
493,366,Bank Transfer,Success
494,1712,PayPal,Success
495,1572,Card,Success
496,439,Bank Transfer,Success
497,1651,Card,Success
498,1762,PayPal,Success
499,1576,Card,Success
500,460,PayPal,Success
501,1470,Card,Success
502,887,Card,Success
503,1027,Bank Transfer,Success
504,1663,Card,Success
505,1766,Bank Transfer,Success
506,960,PayPal,Success
507,332,PayPal,Success
508,1750,Bank Transfer,Success
509,1105,Card,Success
510,1728,PayPal,Success
511,555,PayPal,Success
512,1532,PayPal,Failed
513,144,Bank Transfer,Success
514,1151,PayPal,Success
515,1155,PayPal,Success
516,1030,PayPal,Success
517,1545,PayPal,Success
518,537,Bank Transfer,Success
519,187,Bank Transfer,Success
520,1942,Card,Success
521,975,PayPal,Success
522,361,Bank Transfer,Success
523,1965,Card,Success
524,95,Card,Success
525,1022,PayPal,Success
526,1353,Card,Success
527,1203,Bank Transfer,Success
528,1961,Card,Failed
529,476,Card,Success
530,1969,Bank Transfer,Success
531,1032,Card,Failed
532,104,Card,Failed
533,781,Card,Success
534,810,Card,Success
535,91,PayPal,Success
536,41,PayPal,Failed
537,778,Bank Transfer,Success
538,1156,Card,Success
539,371,Bank Transfer,Success
540,88,PayPal,Success
541,1013,Card,Failed
542,1331,Card,Success
543,1052,PayPal,Failed
544,1632,Card,Success
545,1237,Card,Failed
546,1082,PayPal,Success
547,1676,Bank Transfer,Success
548,478,Bank Transfer,Failed
549,1097,Card,Success
550,856,PayPal,Success
551,551,Bank Transfer,Success
552,399,Bank Transfer,Success
553,1831,Card,Success
554,786,Bank Transfer,Success
555,1939,PayPal,Success
556,1290,Bank Transfer,Success
557,113,PayPal,Success
558,188,PayPal,Success
559,1914,Card,Success
560,184,Bank Transfer,Success
561,1349,Card,Failed
562,402,Bank Transfer,Success
563,573,Card,Success
564,1072,Card,Success
565,643,Card,Success
566,973,Bank Transfer,Success
567,1472,Card,Success
568,468,PayPal,Success
569,373,Bank Transfer,Success
570,470,PayPal,Success
571,298,Card,Success
572,1681,Card,Failed
573,799,PayPal,Success
574,663,Card,Success
575,1546,Bank Transfer,Success
576,1358,PayPal,Success
577,1800,Bank Transfer,Success
578,637,Bank Transfer,Success
579,1991,Bank Transfer,Success
580,1541,Card,Success
581,1853,Card,Success
582,284,PayPal,Success
583,859,PayPal,Success
584,1311,Bank Transfer,Success
585,212,Card,Success
586,1357,Card,Success
587,712,Card,Failed
588,1567,PayPal,Success
589,434,Card,Success
590,574,Bank Transfer,Success
591,1805,Bank Transfer,Success
592,906,Bank Transfer,Success
593,1685,Card,Success
594,558,Bank Transfer,Success
595,767,Bank Transfer,Success
596,191,PayPal,Success
597,305,PayPal,Success
598,774,Card,Success
599,1627,Card,Success
600,452,Card,Success
601,1235,Card,Success
602,999,Card,Success
603,1865,PayPal,Success
604,1209,PayPal,Success
605,944,PayPal,Failed
606,581,Bank Transfer,Success
607,566,Bank Transfer,Success
608,62,PayPal,Success
609,1476,PayPal,Success
610,288,Card,Success
611,978,PayPal,Success
612,565,Card,Success
613,46,PayPal,Success
614,1861,Card,Success
615,37,PayPal,Success
616,258,Card,Failed
617,142,Bank Transfer,Failed
618,412,Bank Transfer,Success
619,378,Card,Success
620,664,Card,Success
621,363,Bank Transfer,Success
622,1789,PayPal,Success
623,356,Card,Success
624,1846,PayPal,Success
625,874,Bank Transfer,Failed
626,1817,Bank Transfer,Failed
627,203,Card,Success
628,550,PayPal,Failed
629,752,Bank Transfer,Success
630,1563,PayPal,Success
631,1601,Bank Transfer,Success
632,1981,Card,Success
633,1478,PayPal,Success
634,137,PayPal,Failed
635,73,Card,Success
636,920,Card,Success
637,1122,Card,Success
638,1321,Card,Success
639,1741,Bank Transfer,Success
640,1253,PayPal,Success
641,1592,Bank Transfer,Success
642,903,Card,Success
643,1695,Bank Transfer,Success
644,1246,Bank Transfer,Success
645,1918,PayPal,Success
646,532,PayPal,Success
647,1995,PayPal,Success
648,1485,Card,Failed
649,1198,Card,Success
650,275,PayPal,Failed
651,200,Bank Transfer,Failed
652,535,PayPal,Failed
653,780,Card,Success
654,156,Bank Transfer,Success
655,1931,Card,Success
656,382,PayPal,Success
657,1823,PayPal,Success
658,1007,Bank Transfer,Success
659,1340,PayPal,Failed
660,34,Card,Success
661,1518,Card,Success
662,1661,Card,Success
663,691,Bank Transfer,Success
664,891,Card,Success
665,1618,PayPal,Success
666,1125,Bank Transfer,Success
667,143,Card,Success
668,1734,Card,Success
669,736,PayPal,Success
670,1284,PayPal,Success
671,1279,Bank Transfer,Success
672,1091,Card,Success
673,971,Card,Success
674,1384,PayPal,Success
675,1138,Bank Transfer,Success
676,1886,PayPal,Success
677,1454,PayPal,Success
678,1962,Bank Transfer,Success
679,1988,Card,Success
680,1854,Card,Success
681,1112,Card,Success
682,114,Bank Transfer,Success
683,1080,Bank Transfer,Success
684,1343,Bank Transfer,Success
685,1408,Bank Transfer,Success
686,60,Bank Transfer,Success
687,277,PayPal,Success
688,1181,Card,Success
689,1575,Bank Transfer,Success
690,218,Card,Failed
691,1740,Bank Transfer,Success
692,1270,Card,Failed
693,1176,PayPal,Success
694,1721,Card,Success
695,128,Card,Success
696,1075,Bank Transfer,Failed
697,140,Card,Success
698,1295,PayPal,Success
699,224,PayPal,Success
700,1953,PayPal,Success
701,186,Bank Transfer,Success
702,1959,Bank Transfer,Success
703,1056,Bank Transfer,Success
704,230,Bank Transfer,Success
705,1915,Bank Transfer,Failed
706,118,PayPal,Success
707,1449,Card,Failed
708,871,PayPal,Success
709,1180,Bank Transfer,Success
710,657,PayPal,Success
711,1829,Card,Success
712,852,Bank Transfer,Success
713,1266,PayPal,Success
714,112,PayPal,Success
715,1392,Card,Success
716,1943,Bank Transfer,Success
717,1839,Bank Transfer,Success
718,968,Card,Failed
719,1996,Card,Success
720,536,Card,Success
721,155,Card,Success
722,1795,Bank Transfer,Success
723,1424,Bank Transfer,Success
724,1054,PayPal,Failed
725,3,PayPal,Success
726,604,PayPal,Success
727,326,Bank Transfer,Success
728,354,Bank Transfer,Success
729,426,Bank Transfer,Failed
730,753,PayPal,Success
731,769,Card,Success
732,1355,Card,Success
733,467,Card,Success
734,854,Card,Success
735,540,Card,Success
736,176,Bank Transfer,Success
737,1484,PayPal,Failed
738,1152,Card,Success
739,1376,Card,Success
740,245,Card,Success
741,54,Bank Transfer,Success
742,1879,Card,Success
743,1045,PayPal,Success
744,1912,Bank Transfer,Failed
745,961,Bank Transfer,Success
746,787,Bank Transfer,Success
747,53,Card,Success
748,1049,Card,Failed
749,925,Card,Success
750,1245,Card,Success
751,1496,PayPal,Success
752,505,Bank Transfer,Success
753,244,Card,Failed
754,1062,PayPal,Success
755,1687,Bank Transfer,Success
756,139,Bank Transfer,Success
757,385,Bank Transfer,Success
758,90,Card,Success
759,623,Bank Transfer,Success
760,239,Card,Success
761,983,PayPal,Success
762,425,Bank Transfer,Success
763,428,PayPal,Success
764,1092,Card,Failed
765,1170,Card,Success
766,804,Card,Success
767,78,Bank Transfer,Success
768,634,Bank Transfer,Failed
769,223,PayPal,Success
770,459,Card,Success
771,398,PayPal,Success
772,677,Card,Success
773,649,Card,Success
774,529,PayPal,Failed
775,1028,Card,Success
776,994,PayPal,Success
777,40,Bank Transfer,Success
778,765,PayPal,Success
779,205,PayPal,Success
780,1701,Card,Success
781,13,PayPal,Success
782,63,Bank Transfer,Success
783,525,Bank Transfer,Success
784,1956,Bank Transfer,Success
785,6,Bank Transfer,Success
786,1631,PayPal,Success
787,1104,Bank Transfer,Success
788,173,PayPal,Success
789,83,PayPal,Success
790,26,Card,Success
791,1801,PayPal,Failed
792,161,PayPal,Success
793,544,Card,Success
794,1614,Bank Transfer,Success
795,1287,Bank Transfer,Success
796,1073,PayPal,Success
797,301,Card,Success
798,1195,PayPal,Success
799,1377,PayPal,Success
800,440,Bank Transfer,Failed
801,265,Card,Success
802,689,PayPal,Success
803,415,Bank Transfer,Success
804,1477,PayPal,Success
805,1260,Bank Transfer,Success
806,45,Card,Success
807,1888,PayPal,Success
808,115,Card,Success
809,130,Bank Transfer,Success
810,1875,Card,Success
811,1530,Card,Success
812,779,Card,Success
813,575,PayPal,Success
814,848,Bank Transfer,Success
815,1002,Card,Success
816,1868,PayPal,Success
817,1263,Bank Transfer,Failed
818,1705,Bank Transfer,Success
819,355,Bank Transfer,Success
820,1098,Card,Success
821,1160,Card,Success
822,913,Card,Success
823,313,Bank Transfer,Success
824,377,Bank Transfer,Success
825,1822,Card,Success
826,1123,Card,Success
827,738,Bank Transfer,Success
828,300,Bank Transfer,Success
829,655,PayPal,Success
830,571,PayPal,Success
831,1243,Card,Success
832,869,Bank Transfer,Success
833,797,Bank Transfer,Success
834,429,PayPal,Success
835,1306,Bank Transfer,Success
836,358,Card,Success
837,1103,PayPal,Success
838,1444,Bank Transfer,Success
839,1437,Bank Transfer,Success
840,1473,Card,Success
841,1964,Bank Transfer,Success
842,504,PayPal,Success
843,124,PayPal,Success
844,252,Bank Transfer,Success
845,306,Bank Transfer,Success
846,1093,Bank Transfer,Success
847,1346,Bank Transfer,Success
848,880,PayPal,Success
849,50,Card,Success
850,1493,PayPal,Success
851,759,Bank Transfer,Success
852,68,Bank Transfer,Success
853,214,PayPal,Success
854,1971,PayPal,Success
855,947,Bank Transfer,Success
856,1039,PayPal,Success
857,1793,Bank Transfer,Success
858,1972,PayPal,Success
859,109,Bank Transfer,Success
860,1583,PayPal,Success
861,1591,Bank Transfer,Failed
862,1862,Card,Success
863,52,Card,Success
864,1725,PayPal,Success
865,418,Card,Success
866,659,Bank Transfer,Success
867,1439,PayPal,Success
868,998,PayPal,Success
869,1139,Bank Transfer,Success
870,1446,Bank Transfer,Success
871,286,Bank Transfer,Failed
872,501,PayPal,Success
873,424,Bank Transfer,Success
874,1584,Card,Failed
875,728,PayPal,Success
876,982,Bank Transfer,Success
877,825,PayPal,Success
878,1006,Card,Failed
879,1884,Card,Success
880,17,Bank Transfer,Success
881,254,PayPal,Failed
882,580,Bank Transfer,Success
883,1636,PayPal,Success
884,1521,Bank Transfer,Success
885,1659,Bank Transfer,Success
886,1300,PayPal,Success
887,1001,PayPal,Success
888,1925,Card,Success
889,1256,Card,Success
890,1780,PayPal,Success
891,1418,Card,Success
892,1834,Card,Success
893,1232,PayPal,Success
894,1594,PayPal,Success
895,1552,PayPal,Success
896,1274,Bank Transfer,Success
897,1386,PayPal,Success
898,1536,PayPal,Success
899,1201,PayPal,Success
900,807,Card,Failed
901,1948,PayPal,Success
902,171,Card,Success
903,1456,Bank Transfer,Success
904,1239,PayPal,Failed
905,1067,PayPal,Success
906,611,Card,Success
907,1182,Bank Transfer,Success
908,747,PayPal,Success
909,323,Bank Transfer,Success
910,246,Bank Transfer,Success
911,502,PayPal,Success
912,95,Bank Transfer,Success
913,582,Bank Transfer,Success
914,335,PayPal,Success
915,1535,Card,Success
916,578,PayPal,Success
917,904,Bank Transfer,Success
918,554,PayPal,Success
919,879,Card,Success
920,290,Bank Transfer,Success
921,788,Bank Transfer,Success
922,1483,Card,Success
923,832,Card,Success
924,940,Bank Transfer,Success
925,949,Card,Success
926,237,PayPal,Success
927,294,Card,Success
928,69,PayPal,Success
929,221,Bank Transfer,Success
930,607,Bank Transfer,Success
931,1046,Bank Transfer,Failed
932,1222,Bank Transfer,Success
933,1301,Bank Transfer,Success
934,1469,Card,Success
935,199,Card,Success
936,858,Bank Transfer,Success
937,1288,Card,Success
938,235,Card,Success
939,777,Bank Transfer,Success
940,1974,Card,Success
941,1184,Bank Transfer,Success
942,666,Bank Transfer,Failed
943,790,Bank Transfer,Success
944,242,Bank Transfer,Success
945,703,Card,Success
946,1381,Card,Success
947,1228,PayPal,Failed
948,379,PayPal,Success
949,1048,Bank Transfer,Success
950,1508,PayPal,Success
951,1625,Card,Success
952,324,Card,Success
953,9,PayPal,Success
954,59,PayPal,Success
955,30,Card,Success
956,1982,PayPal,Success
957,811,Card,Success
958,204,Card,Success
959,311,PayPal,Success
960,264,PayPal,Success
961,1149,Bank Transfer,Success
962,1430,Bank Transfer,Success
963,1894,Bank Transfer,Failed
964,1666,Bank Transfer,Success
965,1324,Bank Transfer,Success
966,1543,Card,Success
967,1923,PayPal,Success
968,1941,Card,Success
969,71,Bank Transfer,Success
970,31,Bank Transfer,Success
971,1612,PayPal,Success
972,1276,Card,Success
973,917,Bank Transfer,Success
974,1143,Bank Transfer,Success
975,1867,Bank Transfer,Success
976,1719,Bank Transfer,Success
977,396,Card,Success
978,833,Card,Success
979,772,Bank Transfer,Success
980,1779,Card,Success
981,61,Bank Transfer,Success
982,256,PayPal,Success
983,387,PayPal,Success
984,1479,PayPal,Success
985,1335,Card,Success
986,151,Bank Transfer,Success
987,1630,PayPal,Success
988,1026,PayPal,Success
989,1610,Card,Success
990,1876,Card,Success
991,48,PayPal,Success
992,576,Bank Transfer,Success
993,989,Bank Transfer,Success
994,1657,Bank Transfer,Success
995,1124,PayPal,Success
996,631,Card,Success
997,1940,Bank Transfer,Success
998,935,PayPal,Failed
999,413,PayPal,Success
1000,818,Card,Success
1001,589,Bank Transfer,Success
1002,1791,PayPal,Success
1003,1415,Bank Transfer,Success
1004,472,Bank Transfer,Success
1005,533,Bank Transfer,Success
1006,725,PayPal,Failed
1007,1044,Bank Transfer,Success
1008,249,Card,Failed
1009,1726,PayPal,Success
1010,28,PayPal,Success
1011,435,Bank Transfer,Success
1012,1994,Bank Transfer,Success
1013,1217,Bank Transfer,Success
1014,870,PayPal,Success
1015,853,Card,Success
1016,508,Card,Failed
1017,327,PayPal,Success
1018,310,Card,Success
1019,1553,Bank Transfer,Success
1020,633,PayPal,Failed
1021,1411,Card,Success
1022,1723,PayPal,Success
1023,883,Card,Success
1024,1318,PayPal,Success
1025,1787,Card,Success
1026,158,PayPal,Success
1027,1860,PayPal,Success
1028,1534,PayPal,Success
1029,868,PayPal,Success
1030,1519,PayPal,Success
1031,1390,Bank Transfer,Failed
1032,588,PayPal,Success
1033,617,PayPal,Success
1034,1199,PayPal,Success
1035,937,Card,Success
1036,1984,PayPal,Success
1037,107,Bank Transfer,Success
1038,101,PayPal,Success
1039,899,Card,Success
1040,1375,Card,Success
1041,1297,PayPal,Success
1042,314,PayPal,Success
1043,1556,PayPal,Success
1044,364,PayPal,Success
1045,375,Card,Success
1046,1784,PayPal,Failed
1047,878,Card,Success
1048,907,Card,Success
1049,768,Bank Transfer,Success
1050,993,Card,Success
1051,1735,PayPal,Success
1052,671,PayPal,Success
1053,1230,PayPal,Failed
1054,1154,PayPal,Success
1055,933,Bank Transfer,Success
1056,1638,Bank Transfer,Success
1057,1165,Bank Transfer,Success
1058,464,Bank Transfer,Success
1059,513,Card,Success
1060,1024,Bank Transfer,Success
1061,219,Card,Failed
1062,524,PayPal,Success
1063,274,Card,Success
1064,806,Card,Success
1065,699,Bank Transfer,Success
1066,1215,PayPal,Success
1067,329,PayPal,Success
1068,1334,Bank Transfer,Success
1069,746,Card,Success
1070,1562,Bank Transfer,Success
1071,1808,Card,Success
1072,1158,Bank Transfer,Success
1073,902,Bank Transfer,Success
1074,1509,PayPal,Success
1075,1902,PayPal,Success
1076,881,PayPal,Success
1077,889,Bank Transfer,Success
1078,136,PayPal,Success
1079,291,PayPal,Failed
1080,1595,Bank Transfer,Success
1081,679,PayPal,Failed
1082,1744,Card,Success
1083,718,PayPal,Success
1084,709,Card,Success
1085,167,PayPal,Success
1086,557,Bank Transfer,Success
1087,1748,Bank Transfer,Failed
1088,1774,PayPal,Success
1089,1926,Card,Failed
1090,1683,PayPal,Success
1091,1707,Bank Transfer,Failed
1092,888,PayPal,Success
1093,821,Bank Transfer,Failed
1094,486,Card,Success
1095,760,Card,Success
1096,1773,Bank Transfer,Success
1097,1047,Card,Success
1098,958,Bank Transfer,Success
1099,66,Bank Transfer,Success
1100,1474,Bank Transfer,Success
1101,1372,PayPal,Success
1102,306,Card,Success
1103,541,PayPal,Success
1104,1171,PayPal,Success
1105,909,Card,Success
1106,1267,PayPal,Success
1107,1369,Bank Transfer,Success
1108,1213,PayPal,Success
1109,1637,Bank Transfer,Success
1110,1896,Card,Success
1111,1432,PayPal,Success
1112,495,Card,Failed
1113,1059,Bank Transfer,Success
1114,1207,PayPal,Success
1115,1268,Bank Transfer,Success
1116,1275,Bank Transfer,Success
1117,1554,Bank Transfer,Success
1118,1252,Card,Success
1119,1953,Card,Success
1120,1722,Card,Success
1121,1488,PayPal,Failed
1122,1242,Bank Transfer,Success
1123,676,Card,Success
1124,1560,Bank Transfer,Success
1125,1928,Card,Failed
1126,169,Bank Transfer,Success
1127,438,Card,Success
1128,824,Card,Success
1129,350,Card,Success
1130,1129,Card,Success
1131,543,Bank Transfer,Failed
1132,443,Card,Success
1133,1337,Card,Success
1134,487,Card,Success
1135,262,Bank Transfer,Success
1136,1954,Card,Success
1137,723,Bank Transfer,Success
1138,315,PayPal,Success
1139,497,Bank Transfer,Success
1140,154,PayPal,Success
1141,87,Card,Success
1142,168,Card,Success
1143,380,Bank Transfer,Success
1144,146,Card,Success
1145,1623,Card,Success
1146,1987,Bank Transfer,Failed
1147,1060,Card,Success
1148,367,PayPal,Success
1149,1527,PayPal,Success
1150,408,Card,Success
1151,357,Card,Success
1152,368,PayPal,Success
1153,713,Card,Success
1154,479,PayPal,Success
1155,2000,Bank Transfer,Success
1156,684,PayPal,Success
1157,568,Card,Success
1158,248,Card,Failed
1159,1183,PayPal,Failed
1160,320,PayPal,Success
1161,1598,Card,Success
1162,1611,Card,Failed
1163,1997,Card,Success
1164,353,Bank Transfer,Success
1165,1266,Bank Transfer,Success
1166,488,PayPal,Success
1167,1880,PayPal,Failed
1168,319,Bank Transfer,Success
1169,885,Bank Transfer,Success
1170,1250,PayPal,Success
1171,685,Bank Transfer,Failed
1172,450,PayPal,Success
1173,1286,Card,Success
1174,516,PayPal,Success
1175,1797,Bank Transfer,Failed
1176,1259,Bank Transfer,Success
1177,1635,Bank Transfer,Success
1178,1608,PayPal,Success
1179,707,Bank Transfer,Success
1180,247,PayPal,Success
1181,1504,Card,Success
1182,784,Card,Success
1183,85,Bank Transfer,Success
1184,908,PayPal,Success
1185,766,PayPal,Success
1186,1064,Bank Transfer,Success
1187,946,PayPal,Success
1188,1682,Bank Transfer,Success
1189,954,Bank Transfer,Success
1190,1966,Card,Success
1191,1436,Bank Transfer,Success
1192,394,PayPal,Success
1193,1710,Bank Transfer,Success
1194,451,Card,Success
1195,1629,Card,Success
1196,1568,PayPal,Success
1197,1461,Bank Transfer,Success
1198,1558,PayPal,Success
1199,1079,PayPal,Success
1200,1352,Bank Transfer,Success
1201,10,Card,Success
1202,1949,PayPal,Success
1203,1502,PayPal,Success
1204,1475,Card,Failed
1205,1196,Bank Transfer,Success
1206,596,Bank Transfer,Success
1207,1908,Bank Transfer,Failed
1208,886,Card,Success
1209,1927,PayPal,Success
1210,1673,Card,Success
1211,762,PayPal,Success
1212,190,PayPal,Success
1213,1223,Bank Transfer,Success
1214,1600,Bank Transfer,Success
1215,1490,Bank Transfer,Success
1216,670,Card,Success
1217,1089,Bank Transfer,Success
1218,110,Card,Success
1219,733,Bank Transfer,Success
1220,900,Bank Transfer,Success
1221,103,Bank Transfer,Success
1222,1150,Card,Success
1223,1836,PayPal,Success
1224,1633,Card,Success
1225,916,Card,Failed
1226,875,Card,Success
1227,1758,PayPal,Success
1228,898,Card,Success
1229,1898,Bank Transfer,Success
1230,316,PayPal,Success
1231,1166,Card,Success
1232,507,Card,Success
1233,1644,PayPal,Success
1234,454,Card,Success
1235,981,PayPal,Success
1236,423,Bank Transfer,Success
1237,1455,Card,Success
1238,1775,Card,Success
1239,1794,Bank Transfer,Success
1240,667,Card,Failed
1241,962,Card,Failed
1242,281,PayPal,Success
1243,1004,Card,Failed
1244,267,Bank Transfer,Success
1245,1570,Card,Success
1246,980,PayPal,Success
1247,721,Bank Transfer,Success
1248,1426,Bank Transfer,Failed
1249,229,Bank Transfer,Success
1250,1513,Bank Transfer,Success
1251,94,PayPal,Success
1252,948,PayPal,Success
1253,1745,PayPal,Success
1254,1654,PayPal,Success
1255,1117,Card,Success
1256,579,PayPal,Success
1257,510,Card,Success
1258,1395,Bank Transfer,Success
1259,1214,Card,Success
1260,1900,Card,Failed
1261,1649,Card,Success
1262,1087,PayPal,Success
1263,330,PayPal,Success
1264,297,Bank Transfer,Success
1265,77,PayPal,Success
1266,1442,Card,Failed
1267,392,PayPal,Success
1268,1882,PayPal,Failed
1269,1792,Card,Failed
1270,1489,Bank Transfer,Success
1271,1542,PayPal,Success
1272,1752,Bank Transfer,Success
1273,1857,Card,Success
1274,1285,PayPal,Success
1275,1433,Bank Transfer,Success
1276,349,Bank Transfer,Success
1277,965,Card,Success
1278,116,PayPal,Success
1279,98,Bank Transfer,Success
1280,714,Bank Transfer,Success
1281,1607,Bank Transfer,Success
1282,739,Bank Transfer,Success
1283,1877,Bank Transfer,Success
1284,1145,Bank Transfer,Success
1285,1135,Bank Transfer,Success
1286,1057,Bank Transfer,Success
1287,620,Bank Transfer,Success
1288,453,Bank Transfer,Success
1289,923,PayPal,Success
1290,665,Card,Success
1291,1782,Card,Success
1292,1019,Card,Failed
1293,1615,Bank Transfer,Success
1294,701,Card,Success
1295,1945,Bank Transfer,Success
1296,1937,PayPal,Success
1297,1366,Card,Success
1298,1000,PayPal,Success
1299,325,PayPal,Success
1300,35,Bank Transfer,Success
1301,33,Card,Success
1302,1590,PayPal,Success
1303,1978,Card,Success
1304,1127,PayPal,Failed
1305,592,PayPal,Success
1306,1958,Bank Transfer,Success
1307,615,Card,Success
1308,81,Bank Transfer,Success
1309,1517,Bank Transfer,Success
1310,207,Bank Transfer,Success
1311,627,Bank Transfer,Success
1312,1179,Bank Transfer,Success
1313,1847,PayPal,Success
1314,1690,Card,Success
1315,1602,Card,Success
1316,1634,Bank Transfer,Success
1317,602,Card,Success
1318,745,PayPal,Success
1319,1389,Bank Transfer,Success
1320,23,PayPal,Success
1321,4,PayPal,Success
1322,1468,Bank Transfer,Failed
1323,1137,PayPal,Success
1324,929,Bank Transfer,Success
1325,1441,PayPal,Success
1326,410,Card,Success
1327,599,Card,Success
1328,1952,Card,Failed
1329,1303,Bank Transfer,Success
1330,1903,PayPal,Failed
1331,1892,PayPal,Success
1332,1220,Card,Success
1333,194,Card,Success
1334,996,Bank Transfer,Success
1335,225,Bank Transfer,Success
1336,1979,PayPal,Success
1337,1234,Bank Transfer,Success
1338,1281,Bank Transfer,Success
1339,3,Bank Transfer,Success
1340,913,Card,Success
1341,1009,Card,Success
1342,1463,PayPal,Success
1343,1883,Bank Transfer,Success
1344,708,Card,Success
1345,166,Bank Transfer,Success
1346,523,PayPal,Success
1347,618,Bank Transfer,Success
1348,445,PayPal,Success
1349,1909,PayPal,Success
1350,1512,Card,Success
1351,943,Bank Transfer,Failed
1352,792,Card,Failed
1353,1825,Bank Transfer,Failed
1354,1200,Bank Transfer,Success
1355,1577,PayPal,Success
1356,243,PayPal,Success
1357,1841,Bank Transfer,Success
1358,19,Card,Success
1359,1404,PayPal,Success
1360,381,PayPal,Failed
1361,648,Bank Transfer,Success
1362,1667,Bank Transfer,Success
1363,1025,PayPal,Success
1364,5,Card,Success
1365,1111,PayPal,Success
1366,1074,Bank Transfer,Success
1367,489,PayPal,Success
1368,1990,Bank Transfer,Success
1369,547,PayPal,Success
1370,105,Bank Transfer,Success
1371,1688,Bank Transfer,Success
1372,56,Card,Success
1373,331,Bank Transfer,Success
1374,1977,PayPal,Success
1375,796,Bank Transfer,Success
1376,1202,PayPal,Success
1377,1033,Card,Failed
1378,680,PayPal,Success
1379,1172,Card,Success
1380,1743,Card,Success
1381,1747,Bank Transfer,Success
1382,1402,Card,Success
1383,1293,PayPal,Success
1384,598,Card,Success
1385,1697,Card,Success
1386,257,Bank Transfer,Success
1387,789,PayPal,Success
1388,1399,Card,Success
1389,921,Bank Transfer,Success
1390,1206,Bank Transfer,Success
1391,653,PayPal,Success
1392,123,Bank Transfer,Success
1393,1561,Card,Success
1394,674,Bank Transfer,Success
1395,1658,PayPal,Success
1396,120,PayPal,Success
1397,1374,Bank Transfer,Success
1398,764,Card,Success
1399,1767,Bank Transfer,Success
1400,1354,PayPal,Success
1401,1588,Bank Transfer,Failed
1402,1204,Bank Transfer,Success
1403,42,Card,Success
1404,1859,Bank Transfer,Success
1405,157,Card,Failed
1406,1843,Bank Transfer,Success
1407,511,Bank Transfer,Success
1408,610,Card,Success
1409,815,Card,Success
1410,1185,PayPal,Success
1411,1383,Card,Failed
1412,1359,Bank Transfer,Success
1413,216,PayPal,Success
1414,1339,Card,Success
1415,1932,Card,Success
1416,424,PayPal,Failed
1417,1746,Bank Transfer,Success
1418,1175,Bank Transfer,Success
1419,938,PayPal,Success
1420,1885,Bank Transfer,Success
1421,732,Card,Success
1422,416,Bank Transfer,Success
1423,198,Card,Success
1424,1308,Bank Transfer,Success
1425,1760,Card,Success
1426,250,PayPal,Success
1427,619,Card,Success
1428,895,Bank Transfer,Success
1429,1486,Card,Failed
1430,1144,Bank Transfer,Success
1431,238,Bank Transfer,Success
1432,328,Card,Success
1433,1947,Bank Transfer,Success
1434,1189,PayPal,Success
1435,1225,Bank Transfer,Success
1436,1734,PayPal,Success
1437,318,PayPal,Failed
1438,1187,Bank Transfer,Success
1439,1840,PayPal,Success
1440,1816,PayPal,Success
1441,812,Card,Success
1442,1382,PayPal,Success
1443,1807,PayPal,Failed
1444,473,PayPal,Success
1445,1999,PayPal,Success
1446,7,PayPal,Success
1447,1277,Bank Transfer,Success
1448,76,PayPal,Success
1449,5,Bank Transfer,Success
1450,490,Bank Transfer,Success
1451,1109,Bank Transfer,Success
1452,1085,Card,Success
1453,162,Card,Success
1454,692,Bank Transfer,Success
1455,1803,Card,Failed
1456,1606,PayPal,Success
1457,1806,Bank Transfer,Success
1458,749,Bank Transfer,Success
1459,730,Bank Transfer,Success
1460,791,Card,Success
1461,180,Card,Success
1462,22,Card,Success
1463,1465,PayPal,Success
1464,1620,Card,Success
1465,1262,Bank Transfer,Success
1466,312,Card,Success
1467,24,Card,Success
1468,1188,Card,Success
1469,477,Card,Success
1470,1034,Bank Transfer,Success
1471,1906,Card,Success
1472,1110,Bank Transfer,Failed
1473,729,Card,Success
1474,1819,PayPal,Success
1475,1208,PayPal,Success
1476,1393,Bank Transfer,Success
1477,600,Bank Transfer,Success
1478,1921,PayPal,Success
1479,260,PayPal,Success
1480,672,Card,Success
1481,972,PayPal,Success
1482,1827,Bank Transfer,Success
1483,840,Bank Transfer,Success
1484,1736,PayPal,Success
1485,770,Bank Transfer,Success
1486,950,Card,Success
1487,386,Card,Success
1488,1729,PayPal,Success
1489,285,Bank Transfer,Success
1490,1100,PayPal,Success
1491,1756,Bank Transfer,Success
1492,1904,Bank Transfer,Success
1493,1669,Bank Transfer,Success
1494,57,Card,Success
1495,336,Bank Transfer,Success
1496,1776,Card,Success
1497,654,Bank Transfer,Success
1498,538,PayPal,Success
1499,552,Card,Success
1500,1647,Card,Success
1501,347,Card,Success
1502,1015,PayPal,Success
1503,1768,Card,Success
1504,1548,PayPal,Success
1505,1420,Bank Transfer,Success
1506,1007,Bank Transfer,Success
1507,359,PayPal,Success
1508,337,Card,Success
1509,548,Card,Success
1510,630,PayPal,Success
1511,819,Bank Transfer,Success
1512,97,PayPal,Success
1513,625,Card,Failed
1514,215,Card,Success
1515,100,Card,Success
1516,1826,Card,Success
1517,1388,Bank Transfer,Success
1518,269,Bank Transfer,Success
1519,977,Bank Transfer,Success
1520,1193,Card,Success
1521,990,Card,Success
1522,964,Card,Success
1523,1899,PayPal,Success
1524,572,Card,Success
1525,1457,Bank Transfer,Success
1526,493,Bank Transfer,Success
1527,1944,Bank Transfer,Success
1528,846,PayPal,Success
1529,49,Bank Transfer,Success
1530,1711,PayPal,Success
1531,126,PayPal,Success
1532,1713,PayPal,Success
1533,1086,Card,Success
1534,1313,Card,Success
1535,1005,Bank Transfer,Failed
1536,202,Bank Transfer,Success
1537,590,PayPal,Success
1538,1864,Card,Success
1539,1320,Bank Transfer,Success
1540,362,Bank Transfer,Success
1541,706,Card,Failed
1542,1955,PayPal,Success
1543,2,Bank Transfer,Success
1544,1194,Bank Transfer,Success
1545,1371,Card,Success
1546,1653,Card,Success
1547,682,PayPal,Success
1548,1933,PayPal,Success
1549,715,Bank Transfer,Failed
1550,1885,PayPal,Success
1551,251,Bank Transfer,Failed
1552,693,Bank Transfer,Success
1553,1133,Card,Success
1554,1347,Bank Transfer,Success
1555,1579,Card,Success
1556,147,Bank Transfer,Success
1557,822,Bank Transfer,Success
1558,1599,Bank Transfer,Success
1559,1238,PayPal,Success
1560,1316,PayPal,Success
1561,661,Card,Success
1562,70,Bank Transfer,Success
1563,263,Card,Failed
1564,656,Card,Success
1565,1815,Bank Transfer,Failed
1566,404,PayPal,Success
1567,43,PayPal,Success
1568,1989,Card,Success
1569,616,PayPal,Success
1570,1643,Bank Transfer,Success
1571,1934,Bank Transfer,Success
1572,1333,PayPal,Success
1573,1924,PayPal,Failed
1574,1018,Card,Success
1575,1571,PayPal,Success
1576,817,Card,Success
1577,129,Bank Transfer,Success
1578,1147,Bank Transfer,Success
1579,1870,Bank Transfer,Success
1580,1037,PayPal,Success
1581,1665,PayPal,Success
1582,1401,PayPal,Success
1583,518,Card,Success
1584,863,Card,Failed
1585,344,Card,Success
1586,823,Bank Transfer,Success
1587,401,Card,Success
1588,303,PayPal,Success
1589,1315,PayPal,Success
1590,1417,Bank Transfer,Success
1591,1061,PayPal,Failed
1592,941,PayPal,Success
1593,795,PayPal,Success
1594,430,Card,Success
1595,1119,Card,Success
1596,926,PayPal,Failed
1597,1412,PayPal,Success
1598,1414,PayPal,Success
1599,1665,PayPal,Success
1600,1043,Card,Success
1601,1448,Bank Transfer,Success
1602,1116,PayPal,Success
1603,528,Card,Success
1604,1699,PayPal,Success
1605,268,Bank Transfer,Success
1606,339,Card,Success
1607,1890,Card,Failed
1608,1261,Bank Transfer,Failed
1609,482,Bank Transfer,Success
1610,484,Card,Failed
1611,1998,Bank Transfer,Success
1612,1976,PayPal,Success
1613,813,Bank Transfer,Success
1614,406,Bank Transfer,Success
1615,735,Card,Failed
1616,1289,Bank Transfer,Success
1617,145,Card,Success
1618,181,PayPal,Success
1619,1833,Bank Transfer,Failed
1620,1899,Bank Transfer,Success
1621,517,Card,Failed
1622,1997,Card,Success
1623,1930,Bank Transfer,Success
1624,748,Card,Success
1625,1656,Bank Transfer,Success
1626,1960,PayPal,Success
1627,1020,Bank Transfer,Success
1628,1512,PayPal,Success
1629,1425,PayPal,Success
1630,668,Card,Success
1631,1070,Card,Success
1632,839,Card,Success
1633,1462,Card,Success
1634,988,Bank Transfer,Success
1635,841,PayPal,Failed
1636,491,Bank Transfer,Success
1637,690,PayPal,Success
1638,924,PayPal,Success
1639,865,PayPal,Success
1640,1957,Bank Transfer,Success
1641,1759,Card,Success
1642,1677,Bank Transfer,Success
1643,182,PayPal,Success
1644,1416,Bank Transfer,Success
1645,376,PayPal,Success
1646,694,Card,Success
1647,1148,Card,Success
1648,407,Bank Transfer,Failed
1649,270,Card,Success
1650,1385,PayPal,Success
1651,1104,PayPal,Success
1652,1603,Card,Success
1653,1634,Card,Success
1654,1077,Card,Success
1655,1409,Bank Transfer,Success
1656,1452,Bank Transfer,Success
1657,1733,PayPal,Success
1658,1099,Bank Transfer,Success
1659,1533,Bank Transfer,Success
1660,289,PayPal,Success
1661,92,PayPal,Success
1662,1511,Card,Success
1663,189,Card,Success
1664,1858,Bank Transfer,Success
1665,1813,PayPal,Success
1666,562,Bank Transfer,Success
1667,650,Bank Transfer,Failed
1668,1980,PayPal,Success
1669,1863,PayPal,Success
1670,240,PayPal,Success
1671,322,PayPal,Success
1672,1856,Bank Transfer,Success
1673,1503,Bank Transfer,Success
1674,1777,Bank Transfer,Success
1675,645,PayPal,Success
1676,1844,Card,Failed
1677,36,Bank Transfer,Success
1678,196,Card,Success
1679,1140,Card,Success
1680,1799,Card,Success
1681,1146,PayPal,Success
1682,1438,PayPal,Success
1683,195,Bank Transfer,Success
1684,1113,Bank Transfer,Success
1685,783,PayPal,Success
1686,447,PayPal,Success
1687,647,Card,Success
1688,1231,PayPal,Success
1689,1919,PayPal,Success
1690,1917,PayPal,Success
1691,1406,PayPal,Failed
1692,431,Card,Success
1693,1128,Bank Transfer,Success
1694,259,Card,Failed
1695,456,PayPal,Success
1696,1055,PayPal,Success
1697,1749,Bank Transfer,Success
1698,1159,Bank Transfer,Success
1699,464,Bank Transfer,Success
1700,932,Card,Success
1701,761,Bank Transfer,Success
1702,1484,PayPal,Success
1703,12,PayPal,Success
1704,232,PayPal,Success
1705,927,Card,Success
1706,984,Bank Transfer,Failed
1707,177,Bank Transfer,Success
1708,827,Bank Transfer,Success
1709,1874,Bank Transfer,Success
1710,1255,PayPal,Success
1711,1761,Card,Success
1712,1178,Bank Transfer,Success
1713,1526,PayPal,Success
1714,959,PayPal,Success
1715,494,Card,Success
1716,1737,Bank Transfer,Success
1717,1360,Card,Success
1718,986,Bank Transfer,Success
1719,1973,Card,Success
1720,1244,Bank Transfer,Success
1721,936,Bank Transfer,Failed
1722,253,Card,Failed
1723,1850,Bank Transfer,Success
1724,1639,Card,Success
1725,884,Card,Success
1726,704,Bank Transfer,Success
1727,308,Bank Transfer,Success
1728,1364,Card,Failed
1729,1804,PayPal,Failed
1730,1440,Card,Success
1731,498,PayPal,Success
1732,1605,PayPal,Success
1733,1581,Card,Success
1734,75,Card,Success
1735,698,Card,Success
1736,1283,PayPal,Success
1737,1053,Card,Success
1738,939,Card,Success
1739,1350,Bank Transfer,Success
1740,1506,Bank Transfer,Success
1741,635,Bank Transfer,Success
1742,542,Card,Success
1743,1173,Card,Success
1744,1628,Card,Success
1745,496,PayPal,Success
1746,1616,PayPal,Success
1747,1460,Bank Transfer,Success
1748,1345,PayPal,Success
1749,757,PayPal,Success
1750,287,PayPal,Success
1751,1453,Bank Transfer,Failed
1752,1706,Bank Transfer,Success
1753,1177,PayPal,Success
1754,896,Card,Success
1755,985,Bank Transfer,Success
1756,717,PayPal,Failed
1757,1227,Card,Success
1758,953,Card,Success
1759,1236,Bank Transfer,Failed
1760,1717,Card,Success
1761,992,Bank Transfer,Success
1762,1689,PayPal,Success
1763,719,Bank Transfer,Success
1764,850,Card,Success
1765,321,Bank Transfer,Success
1766,217,Bank Transfer,Failed
1767,1014,PayPal,Success
1768,360,Card,Success
1769,1379,Bank Transfer,Success
1770,803,PayPal,Success
1771,266,PayPal,Success
1772,338,PayPal,Success
1773,1901,PayPal,Success
1774,876,PayPal,Success
1775,1702,Bank Transfer,Success
1776,422,Bank Transfer,Failed
1777,1305,Card,Failed
1778,890,Bank Transfer,Success
1779,864,Card,Failed
1780,673,Card,Success
1781,1042,Card,Success
1782,1254,Bank Transfer,Success
1783,1664,PayPal,Success
1784,89,Card,Success
1785,1895,PayPal,Success
1786,711,Card,Success
1787,1365,Bank Transfer,Success
1788,1435,Card,Success
1789,519,Bank Transfer,Success
1790,862,PayPal,Success
1791,539,Bank Transfer,Success
1792,636,PayPal,Success
1793,892,Bank Transfer,Success
1794,1107,Card,Success
1795,44,Card,Success
1796,642,Bank Transfer,Success
1797,1186,PayPal,Success
1798,1397,PayPal,Failed
1799,1913,PayPal,Success
1800,1023,Bank Transfer,Success
1801,1499,Bank Transfer,Failed
1802,293,Bank Transfer,Failed
1803,531,Bank Transfer,Success
1804,722,PayPal,Success
1805,814,PayPal,Success
1806,716,Bank Transfer,Success
1807,1162,Bank Transfer,Success
1808,1410,PayPal,Success
1809,403,PayPal,Success
1810,1680,Card,Success
1811,727,Bank Transfer,Success
1812,437,Card,Success
1813,165,PayPal,Success
1814,1929,PayPal,Success
1815,605,Bank Transfer,Success
1816,838,Card,Success
1817,1501,PayPal,Success
1818,991,Card,Failed
1819,1040,Card,Success
1820,1317,Card,Success
1821,58,Card,Success
1822,84,Card,Success
1823,1118,Bank Transfer,Success
1824,108,Bank Transfer,Success
1825,409,Card,Success
1826,624,Bank Transfer,Success
1827,11,PayPal,Success
1828,39,Card,Success
1829,1798,Bank Transfer,Success
1830,1757,Bank Transfer,Success
1831,485,PayPal,Success
1832,1738,PayPal,Success
1833,966,PayPal,Success
1834,1258,PayPal,Success
1835,1613,Card,Success
1836,384,Bank Transfer,Success
1837,1810,Bank Transfer,Success
1838,1812,PayPal,Failed
1839,1066,Bank Transfer,Success
1840,603,Bank Transfer,Success
1841,974,Bank Transfer,Success
1842,614,PayPal,Success
1843,918,Bank Transfer,Success
1844,67,Bank Transfer,Success
1845,255,Bank Transfer,Success
1846,593,Card,Failed
1847,970,Card,Success
1848,1069,Bank Transfer,Success
1849,857,Bank Transfer,Success
1850,1265,Bank Transfer,Success
1851,835,Bank Transfer,Success
1852,872,Bank Transfer,Success
1853,1753,Bank Transfer,Success
1854,1307,Card,Failed
1855,163,PayPal,Success
1856,1035,Bank Transfer,Success
1857,1356,Bank Transfer,Success
1858,831,Bank Transfer,Success
1859,1751,PayPal,Success
1860,1121,Bank Transfer,Success
1861,1593,Bank Transfer,Success
1862,1356,PayPal,Success
1863,1017,Bank Transfer,Success
1864,570,PayPal,Failed
1865,1778,PayPal,Success
1866,18,Bank Transfer,Success
1867,1597,Card,Success
1868,1617,Card,Success
1869,1096,Bank Transfer,Success
1870,25,PayPal,Success
1871,931,PayPal,Failed
1872,951,PayPal,Success
1873,1210,Bank Transfer,Failed
1874,102,Card,Success
1875,1828,PayPal,Success
1876,662,PayPal,Success
1877,16,Bank Transfer,Success
1878,1604,Card,Success
1879,1434,Card,Success
1880,1500,Bank Transfer,Success
1881,388,Card,Success
1882,545,Bank Transfer,Success
1883,743,PayPal,Success
1884,261,Bank Transfer,Success
1885,1609,PayPal,Success
1886,1421,Bank Transfer,Success
1887,1068,PayPal,Success
1888,1769,PayPal,Success
1889,785,Bank Transfer,Success
1890,1549,PayPal,Success
1891,1136,Card,Success
1892,1494,Bank Transfer,Success
1893,411,Card,Success
1894,135,PayPal,Failed
1895,1648,PayPal,Success
1896,967,PayPal,Success
1897,1076,Bank Transfer,Success
1898,1398,PayPal,Success
1899,1837,Card,Success
1900,1413,Card,Success
1901,1993,Bank Transfer,Success
1902,1167,Card,Failed
1903,213,Bank Transfer,Success
1904,912,Bank Transfer,Success
1905,99,PayPal,Success
1906,1786,Card,Success
1907,1224,Card,Success
1908,79,Card,Success
1909,222,PayPal,Success
1910,152,Bank Transfer,Success
1911,1916,Card,Success
1912,1802,Card,Success
1913,462,Card,Success
1914,658,Card,Success
1915,652,PayPal,Success
1916,1226,Bank Transfer,Success
1917,419,Card,Success
1918,628,Card,Success
1919,1537,Bank Transfer,Success
1920,481,PayPal,Success
1921,393,PayPal,Success
1922,132,PayPal,Success
1923,1304,PayPal,Success
1924,595,Card,Success
1925,612,Bank Transfer,Success
1926,1161,Bank Transfer,Success
1927,1911,Bank Transfer,Success
1928,1539,PayPal,Success
1929,969,PayPal,Success
1930,828,Bank Transfer,Success
1931,687,Card,Failed
1932,650,PayPal,Success
1933,816,Card,Success
1934,436,Bank Transfer,Success
1935,836,PayPal,Success
1936,499,Card,Success
1937,280,PayPal,Success
1938,526,Bank Transfer,Success
1939,1081,Bank Transfer,Failed
1940,569,Bank Transfer,Success
1941,976,Card,Success
1942,465,PayPal,Success
1943,148,PayPal,Success
1944,179,PayPal,Success
1945,1910,Bank Transfer,Success
1946,1848,Card,Success
1947,1704,Bank Transfer,Failed
1948,1218,Bank Transfer,Failed
1949,149,Card,Success
1950,1818,Bank Transfer,Success
1951,1291,Bank Transfer,Success
1952,117,PayPal,Success
1953,1322,Card,Success
1954,1229,Card,Success
1955,639,PayPal,Success
1956,1090,Card,Success
1957,134,PayPal,Failed
1958,351,Bank Transfer,Success
1959,1298,Card,Success
1960,432,Card,Success
1961,583,Bank Transfer,Success
1962,997,Bank Transfer,Success
1963,389,Card,Success
1964,1755,Card,Success
1965,609,Card,Failed
1966,433,PayPal,Success
1967,1405,Card,Success
1968,1157,Card,Success
1969,209,Bank Transfer,Success
1970,500,Bank Transfer,Success
1971,794,PayPal,Success
1972,1958,Bank Transfer,Success
1973,397,Card,Success
1974,160,Card,Success
1975,1963,PayPal,Success
1976,1814,Bank Transfer,Success
1977,608,Bank Transfer,Success
1978,1264,Bank Transfer,Success
1979,365,PayPal,Failed
1980,1084,Bank Transfer,Success
1981,208,Bank Transfer,Success
1982,1065,Bank Transfer,Success
1983,15,Card,Success
1984,1849,PayPal,Success
1985,1299,Card,Success
1986,801,PayPal,Failed
1987,463,Bank Transfer,Success
1988,1495,Card,Success
1989,744,Bank Transfer,Success
1990,793,Bank Transfer,Success
1991,340,PayPal,Success
1992,1520,Bank Transfer,Success
1993,702,Card,Success
1994,241,PayPal,Success
1995,849,PayPal,Success
1996,1905,Card,Success
1997,1596,Bank Transfer,Success
1998,955,Bank Transfer,Success
1999,681,Bank Transfer,Failed
2000,644,Bank Transfer,Success
